sequenceID,llda
H3K36me3_TDH_immune/samples/monocyte/McGill0001/problems/chr10:51448845-125869472,10.957766843654099
H3K36me3_TDH_immune/samples/monocyte/McGill0001/problems/chr11:96437584-134946516,11.384376355912536
H3K36me3_TDH_immune/samples/monocyte/McGill0001/problems/chr12:7239876-34856694,9.635940395761281
H3K36me3_TDH_immune/samples/monocyte/McGill0002/problems/chr10:18024675-38818835,13.064528485672781
H3K36me3_TDH_immune/samples/monocyte/McGill0002/problems/chr10:51448845-125869472,13.121220192668261
H3K36me3_TDH_immune/samples/monocyte/McGill0002/problems/chr12:7239876-34856694,9.937799841616652
H3K36me3_TDH_immune/samples/monocyte/McGill0079/problems/chr10:18024675-38818835,9.418986081378534
H3K36me3_TDH_immune/samples/monocyte/McGill0079/problems/chr11:96437584-134946516,35.57052152081451
H3K36me3_TDH_immune/samples/monocyte/McGill0101/problems/chr10:51448845-125869472,14.690512314758962
H3K36me3_TDH_immune/samples/monocyte/McGill0101/problems/chr12:7239876-34856694,12.27712194697233
H3K36me3_TDH_immune/samples/monocyte/McGill0104/problems/chr10:51448845-125869472,10.01411814749008
H3K36me3_TDH_immune/samples/monocyte/McGill0104/problems/chr11:96437584-134946516,8.468713016845868
H3K36me3_TDH_immune/samples/monocyte/McGill0104/problems/chr12:7239876-34856694,10.021337363432394
H3K36me3_TDH_immune/samples/tcell/McGill0008/problems/chr11:96437584-134946516,10.440435207725386
H3K36me3_TDH_immune/samples/tcell/McGill0008/problems/chr12:7239876-34856694,7.963334517859039
H3K36me3_TDH_immune/samples/tcell/McGill0024/problems/chr11:96437584-134946516,9.489104875770863
H3K36me3_TDH_immune/samples/tcell/McGill0026/problems/chr11:96437584-134946516,15.199409745269804
H3K36me3_TDH_immune/samples/tcell/McGill0029/problems/chr11:96437584-134946516,10.810454729362391
H3K36me3_TDH_immune/samples/tcell/McGill0029/problems/chr12:7239876-34856694,12.510560624854406
H3K36me3_TDH_immune/samples/tcell/McGill0102/problems/chr11:96437584-134946516,9.96562703444215
