dataset,model,num_layers,hidden_size,test_fold,stop_epoch,train_loss,val_loss,test_loss,time
systematic,gru,1,2,1,63,0.11982302672156347,0.15991829806409538,0.11030023884702946,94576.64016723633
systematic,gru,1,2,1,63,0.11952912188311289,0.15899234239625737,0.1077271043004338,653.754447221756
systematic,gru,1,2,2,155,0.12005554331823873,0.12542078375575472,0.1568908281478848,1161.504634141922
systematic,gru,1,2,3,288,0.0743907393425476,0.06060294299912575,0.06813754496274908,1896.1975820064545
systematic,gru,1,2,4,168,0.07130275744292255,0.06030875810270357,0.08913862152158687,1236.3676784038544
systematic,gru,1,2,5,93,0.1270375779255229,0.11410841595099291,0.12860839573342372,823.3819856643677
systematic,gru,1,2,6,161,0.08011838495455739,0.05183722713183287,0.10688203013765889,1157.9911589622498
systematic,gru,1,4,1,115,0.0620621539946401,0.08355409933391728,0.06266540789815496,948.0229394435883
