dataset,model,num_layers,hidden_size,stop_epoch,train_loss,val_loss,test_loss,time
systematic,gru,1,2,65,0.18201278979255597,0.1763964016247792,0.986183101009239,3381.2708671092987
systematic,gru,1,4,27,0.18800694126145628,0.17842196627452586,1.5630291259041298,2281.0491654872894
systematic,gru,1,8,17,0.19593264993937295,0.1806197031486909,2.0165445072839416,1979.9112558364868
systematic,gru,1,16,16,0.19041078526345812,0.18291966728400966,1.7225995470459263,596.8755352497101
systematic,gru,2,2,108,0.14582439337126527,0.13810102233570665,0.23965639984035753,5674.997405529022
systematic,gru,2,4,8,0.20101696954247927,0.18239341451566102,2.281668718864319,2154.4915590286255
systematic,gru,2,8,19,0.19151008098111058,0.17929182938075025,1.7808269664305112,2571.5550017356873
systematic,gru,2,16,13,0.19356159457780264,0.1775404408242092,1.6165122538697216,511.1758008003235
