dataset,num_layers,layer_size,stop_epoch,train_loss,val_loss,test_loss,time
systematic,1,2,1025,0.07027310878038406,0.08270961046218872,0.071966253221035,8.764926671981812
systematic,1,2,1025,0.07027310878038406,0.08270961046218872,0.071966253221035,9.976619243621826
systematic,1,2,1025,0.07027310878038406,0.08270961046218872,0.071966253221035,8.709289312362671
