method,fold,acc
linear_unreg.1,1,81.08995403808274
linear_unreg.2,1,80.8929743926461
linear_unreg.4,1,80.63033486539724
linear_unreg.1,2,80.57343475716795
linear_unreg.2,2,80.39789350497367
linear_unreg.4,2,78.75950848449385
linear_L1reg.100,1,81.02429415627051
linear_L1reg.100,2,79.87126974839087
