method,fold,acc
AFT_XGboost.100,1,72.6063829787234
AFT_XGboost.100,2,55.769230769230774
mmit.100,1,76.4627659574468
mmit.100,2,77.3076923076923
linear_L1reg.100,1,77.2
linear_L1reg.100,2,82.55813953488372
