method,fold,acc
linear_unreg.1,1,83.23353293413174
linear_unreg.2,1,90.8183632734531
linear_unreg.4,1,95.40918163672654
linear_unreg.1,2,83.3616298811545
linear_unreg.2,2,88.62478777589135
linear_unreg.4,2,94.05772495755518
linear_L1reg.100,1,95.60878243512974
linear_L1reg.100,2,92.19015280135824
