method,acc
linear_unreg.1,70.07299270072993
linear_unreg.2,90.51094890510949
AFT_XGBoost,89.78102189781022
linear_L1reg,91.24087591240875
mmit,91.24087591240875
mlp,92.7007299270073
gru,27.00729927007299
lstm,32.11678832116788
