n_layer,layer_size,acc
1,2,90.41834029
1,4,90.89190357
1,8,91.49925576
1,16,91.71384295
1,32,93.40187391
1,64,94.13042347
1,128,94.01258214
1,256,94.00258214
2,2,89.83191529
2,4,90.36645299
2,8,91.98455905
2,16,92.71975256
2,32,94.33661579
2,64,94.38152578
2,128,92.0587776
2,256,92.0087776
3,2,88.59548211
3,4,91.02304187
3,8,91.47667995
3,16,93.71281175
3,32,93.81244922
3,64,93.55835094
3,128,93.10775978
3,256,92.60775978
