method,fold,acc
linear_unreg.1,1,87.52941176470588
linear_unreg.2,1,84.23529411764706
linear_unreg.4,1,82.35294117647058
linear_unreg.1,2,81.54981549815497
linear_unreg.2,2,81.54981549815497
linear_unreg.4,2,87.4538745387454
