method,fold,acc
linear_unreg.1,1,66.92015209125475
linear_unreg.2,1,68.8212927756654
linear_unreg.4,1,68.06083650190115
linear_unreg.1,2,62.33766233766234
linear_unreg.2,2,63.63636363636363
linear_unreg.4,2,63.20346320346321
