method,fold,acc
linear_unreg.1,1,87.52941176470588
linear_unreg.2,1,84.23529411764706
linear_unreg.4,1,82.35294117647058
linear_unreg.1,2,81.54981549815497
linear_unreg.2,2,81.54981549815497
linear_unreg.4,2,87.4538745387454
linear_L1reg.100,1,88.94117647058823
linear_L1reg.100,2,87.82287822878229
mmit.1,1,82.82352941176471
mmit.2,1,74.58823529411764
mmit.4,1,69.6470588235294
mmit.1,2,82.65682656826569
mmit.2,2,80.81180811808119
mmit.4,2,80.81180811808119
