method,fold,acc
linear_unreg.1,1,76.37695805962608
linear_unreg.2,1,79.18140474987368
linear_unreg.4,1,79.18140474987368
linear_unreg.1,2,76.54467680608364
linear_unreg.2,2,85.09980988593155
linear_unreg.4,2,85.1235741444867
linear_unreg.1,3,78.54624355844861
linear_unreg.2,3,81.50257662055871
linear_unreg.4,3,81.66531055058313
linear_unreg.1,4,76.42767295597484
linear_unreg.2,4,77.9874213836478
linear_unreg.4,4,79.84905660377358
