method,fold,acc
linear_unreg.1,1,93.57142857142856
linear_unreg.2,1,95.0
linear_unreg.4,1,93.57142857142856
linear_unreg.1,2,96.29629629629628
linear_unreg.2,2,97.03703703703704
linear_unreg.4,2,94.07407407407408
mmit.1,1,95.71428571428572
mmit.2,1,90.0
mmit.4,1,90.0
mmit.1,2,87.4074074074074
mmit.2,2,84.44444444444444
mmit.4,2,88.88888888888889
mmit.100,1,87.85714285714286
mmit.100,2,87.4074074074074
linear_L1reg.100,1,80.0
linear_L1reg.100,2,95.55555555555556
