method,fold,acc
linear_unreg.1,1,92.80469897209986
linear_unreg.2,1,92.2173274596182
linear_unreg.4,1,92.95154185022027
linear_unreg.1,2,91.65402124430956
linear_unreg.2,2,91.95751138088012
linear_unreg.4,2,92.1092564491654
