method,fold,acc
linear_unreg.1,1,93.57142857142857
linear_unreg.2,1,95.0
linear_unreg.4,1,93.57142857142857
linear_unreg.1,2,96.29629629629629
linear_unreg.2,2,97.03703703703704
linear_unreg.4,2,94.07407407407408
