method,fold,acc
linear_unreg.1,1,75.4601226993865
linear_unreg.2,1,76.07361963190185
linear_unreg.4,1,76.07361963190185
linear_unreg.1,2,71.42857142857143
linear_unreg.2,2,77.14285714285715
linear_unreg.4,2,74.28571428571429
