method,fold,acc
linear_unreg.1,1,67.47910863509749
linear_unreg.2,1,71.03064066852369
linear_unreg.4,1,70.96100278551532
linear_unreg.1,2,71.71361502347418
linear_unreg.2,2,72.53521126760563
linear_unreg.4,2,72.65258215962442
