method,fold,acc
linear_unreg.1,1,94.46808510638299
linear_unreg.2,1,96.17021276595744
linear_unreg.4,1,95.31914893617022
linear_unreg.1,2,93.44827586206897
linear_unreg.2,2,96.89655172413794
linear_unreg.4,2,96.89655172413794
linear_L1reg.100,1,94.8936170212766
linear_L1reg.100,2,96.89655172413794
