method,fold,acc
linear_unreg.1,1,70.5982905982906
linear_unreg.2,1,72.47863247863248
linear_unreg.4,1,71.7948717948718
linear_unreg.1,2,66.40926640926641
linear_unreg.2,2,68.72586872586872
linear_unreg.4,2,70.27027027027027
linear_L1reg.100,1,77.0940170940171
linear_L1reg.100,2,73.93822393822393
