method,fold,acc
linear_unreg.1,1,88.715953307393
linear_unreg.2,1,88.58625162127107
linear_unreg.4,1,85.73281452658884
linear_unreg.1,2,90.28290282902829
linear_unreg.2,2,90.6519065190652
linear_unreg.4,2,90.6519065190652
linear_L1reg.100,1,88.45654993514916
linear_L1reg.100,2,89.9138991389914
