method,fold,acc
linear_unreg.1,1,82.62711864406779
linear_unreg.2,1,83.89830508474576
linear_unreg.4,1,85.59322033898306
linear_unreg.1,2,87.5
linear_unreg.2,2,86.8421052631579
linear_unreg.4,2,85.52631578947368
linear_L1reg.100,1,84.7457627118644
linear_L1reg.100,2,87.17105263157895
