method,fold,acc
linear_unreg.1,1,82.62711864406779
linear_unreg.2,1,83.89830508474576
linear_unreg.4,1,85.59322033898306
linear_unreg.1,2,87.5
linear_unreg.2,2,86.8421052631579
linear_unreg.4,2,85.52631578947368
linear_L1reg.100,1,84.7457627118644
linear_L1reg.100,2,87.17105263157895
mmit.1,1,82.62711864406779
mmit.2,1,78.38983050847457
mmit.4,1,83.47457627118644
mmit.1,2,82.23684210526315
mmit.2,2,87.17105263157895
mmit.4,2,86.8421052631579
