method,acc
linear_unreg,92.5925925925926
linear_unreg,99.07407407407408
AFT_XGBoost,95.37037037037037
linear_L1reg,98.14814814814815
mmit,85.18518518518519
