dataset,num_layers,layer_size,test_fold,stop_epoch,train_loss,val_loss,test_loss,time
cancer,3,32,1,0.1,116,0.7484645843505859,1.5613042116165161,1.352230191230774,1.4903557300567627
