dataset,num_layers,layer_size,test_fold,stop_epoch,train_loss,val_loss,test_loss,time
cancer,1,2048,2,0.1,45,0.5976414680480957,0.9835122227668762,1.7236050367355347,7.156067371368408
