dataset,num_layers,layer_size,test_fold,test_ratio,stop_epoch,train_loss,val_loss,test_loss,time
cancer,1,2048,1,0.5,37,0.49905169010162354,1.1987968683242798,1.4479172229766846,5.736835956573486
