dataset,num_layers,layer_size,test_fold,stop_epoch,train_loss,val_loss,test_loss,time
cancer,2,1024,1,0.2,24,0.4991726875305176,1.2275664806365967,1.6228853464126587,11.807349443435669
