dataset,num_layers,layer_size,test_fold,stop_epoch,train_loss,val_loss,test_loss,time
cancer,1,2048,2,0.3,56,0.5574218034744263,0.9722901582717896,1.7501498460769653,7.283663272857666
