dataset,num_layers,layer_size,test_fold,stop_epoch,train_loss,val_loss,test_loss,time
cancer,1,256,1,0.1,73,0.6995612978935242,1.6012930870056152,1.3174481391906738,2.396479368209839
