dataset,num_layers,layer_size,test_fold,stop_epoch,train_loss,val_loss,test_loss,time
cancer,1,4096,2,0.2,39,0.6442356109619141,0.854344367980957,1.6845747232437134,11.671010732650757
