dataset,num_layers,layer_size,test_fold,stop_epoch,train_loss,val_loss,test_loss,time
cancer,4,1,1,0.4,708,2.226539373397827,2.393972635269165,2.3502707481384277,3.639296770095825
