dataset,num_layers,layer_size,test_fold,stop_epoch,train_loss,val_loss,test_loss,time
cancer,1,32,2,0.1,233,0.8688094019889832,1.0128651857376099,1.5362375974655151,2.3282570838928223
