dataset,num_layers,layer_size,test_fold,stop_epoch,train_loss,val_loss,test_loss,time
cancer,3,32,1,0.2,99,0.8277403712272644,1.2452006340026855,1.352604866027832,1.4595797061920166
