dataset,num_layers,layer_size,test_fold,stop_epoch,train_loss,val_loss,test_loss,time
cancer,3,64,2,0.2,97,0.7247940301895142,0.86857008934021,1.6250059604644775,2.2684874534606934
