dataset,num_layers,layer_size,test_fold,stop_epoch,train_loss,val_loss,test_loss,time
cancer,1,4,2,0.2,519,0.9131483435630798,0.8296157717704773,1.5604428052902222,2.490135908126831
