dataset,num_layers,layer_size,test_fold,stop_epoch,train_loss,val_loss,test_loss,time
cancer,4,4,1,0.5,350,0.8643286228179932,1.1719284057617188,1.2573258876800537,2.574457883834839
