dataset,num_layers,layer_size,test_fold,stop_epoch,train_loss,val_loss,test_loss,time
cancer,2,1,2,0.4,5398,2.11643648147583,1.833612322807312,2.6461894512176514,12.516507863998413
