dataset,num_layers,layer_size,test_fold,stop_epoch,train_loss,val_loss,test_loss,time
cancer,2,1024,2,0.3,25,0.5036231279373169,0.9796225428581238,2.045189619064331,10.43887996673584
