dataset,num_layers,layer_size,test_fold,stop_epoch,train_loss,val_loss,test_loss,time
cancer,1,16,2,0.4,287,0.8610544204711914,1.0385531187057495,1.3777214288711548,2.547560691833496
