dataset,num_layers,layer_size,test_fold,stop_epoch,train_loss,val_loss,test_loss,time
cancer,2,256,1,0.5,14,0.5440470576286316,1.1879909038543701,1.4463779926300049,1.5957303047180176
