dataset,num_layers,layer_size,test_fold,stop_epoch,train_loss,val_loss,test_loss,time
cancer,1,512,1,0.1,57,0.6562183499336243,1.5954039096832275,1.3193472623825073,2.704637050628662
