dataset,num_layers,layer_size,test_fold,stop_epoch,train_loss,val_loss,test_loss,time
cancer,1,4,2,0.4,386,0.9012041091918945,1.0535627603530884,1.3766882419586182,2.310234308242798
