dataset,num_layers,layer_size,test_fold,test_ratio,stop_epoch,train_loss,val_loss,test_loss,time
cancer,1,256,2,0.3,112,0.6848278045654297,0.9649220705032349,1.6577160358428955,2.2841200828552246
