dataset,num_layers,layer_size,test_fold,test_ratio,stop_epoch,train_loss,val_loss,test_loss,time
cancer,3,2048,2,0.5,19,0.48632457852363586,1.0199464559555054,1.7023965120315552,53.936039209365845
