dataset,num_layers,layer_size,test_fold,stop_epoch,train_loss,val_loss,test_loss,time
cancer,1,512,2,0.4,79,0.640736997127533,1.0243467092514038,1.4984378814697266,3.517320394515991
