dataset,num_layers,layer_size,test_fold,stop_epoch,train_loss,val_loss,test_loss,time
cancer,1,4,2,0.5,406,0.8955989480018616,1.0122249126434326,1.4473741054534912,2.254716396331787
