dataset,num_layers,layer_size,test_fold,stop_epoch,train_loss,val_loss,test_loss,time
cancer,1,2048,1,0.2,4,0.6211254596710205,1.2457990646362305,1.3195843696594238,7.729841232299805
