dataset,num_layers,layer_size,test_fold,stop_epoch,train_loss,val_loss,test_loss,time
cancer,3,16,2,0.4,306,0.6752210855484009,1.0491713285446167,1.4721770286560059,1.8308069705963135
