dataset,num_layers,layer_size,test_fold,stop_epoch,train_loss,val_loss,test_loss,time
cancer,1,32,1,0.3,245,0.7508742809295654,1.2618118524551392,1.3134560585021973,2.2867887020111084
