dataset,num_layers,layer_size,test_fold,test_ratio,stop_epoch,train_loss,val_loss,test_loss,time
cancer,4,4096,1,0.4,24,0.49315929412841797,1.1770387887954712,1.460978627204895,307.78158926963806
