dataset,num_layers,layer_size,test_fold,stop_epoch,train_loss,val_loss,test_loss,time
cancer,3,16,1,0.2,167,0.7047411799430847,1.3010460138320923,1.4021638631820679,1.6182959079742432
