dataset,num_layers,layer_size,test_fold,test_ratio,stop_epoch,train_loss,val_loss,test_loss,time
cancer,3,1024,2,0.2,25,0.6013372540473938,0.8871071934700012,2.1725668907165527,17.514451265335083
