dataset,num_layers,layer_size,test_fold,stop_epoch,train_loss,val_loss,test_loss,time
cancer,3,2,2,0.1,738,1.0263254642486572,1.3707584142684937,1.6305476427078247,2.9593584537506104
