dataset,num_layers,layer_size,test_fold,stop_epoch,train_loss,val_loss,test_loss,time
cancer,1,2048,1,0.1,22,0.6134728193283081,1.6115236282348633,1.3953557014465332,8.55298638343811
