dataset,num_layers,layer_size,test_fold,stop_epoch,train_loss,val_loss,test_loss,time
cancer,2,1024,2,0.4,28,0.529585599899292,1.032427191734314,1.6114915609359741,10.61396050453186
