dataset,num_layers,layer_size,test_fold,stop_epoch,train_loss,val_loss,test_loss,time
cancer,3,4096,1,0.4,27,0.4901348054409027,1.1700239181518555,1.5285590887069702,235.30716013908386
