dataset,num_layers,layer_size,test_fold,stop_epoch,train_loss,val_loss,test_loss,time
cancer,1,256,2,0.2,118,0.7262229919433594,0.8635720014572144,1.6122615337371826,2.7962708473205566
