dataset,num_layers,layer_size,test_fold,stop_epoch,train_loss,val_loss,test_loss,time
cancer,4,64,1,0.1,83,0.6823161840438843,1.610338807106018,1.4159486293792725,2.202779531478882
