dataset,num_layers,layer_size,test_fold,stop_epoch,train_loss,val_loss,test_loss,time
cancer,2,64,1,0.3,54,0.7591373324394226,1.2542791366577148,1.3294591903686523,22.534871101379395
