dataset,num_layers,layer_size,test_fold,stop_epoch,train_loss,val_loss,test_loss,time
cancer,3,256,2,0.5,59,0.5181659460067749,0.98935467004776,1.694753885269165,3.371325969696045
