dataset,num_layers,layer_size,test_fold,stop_epoch,train_loss,val_loss,test_loss,time
cancer,1,256,1,0.2,12,0.799879789352417,1.2379218339920044,1.3129632472991943,2.137315273284912
