dataset,num_layers,layer_size,test_fold,stop_epoch,train_loss,val_loss,test_loss,time
cancer,1,2048,1,0.3,34,0.564258873462677,1.2796212434768677,1.3923542499542236,8.606149911880493
