dataset,num_layers,layer_size,test_fold,test_ratio,stop_epoch,train_loss,val_loss,test_loss,time
cancer,3,128,2,0.1,115,0.6397804021835327,0.9852303266525269,1.7988420724868774,2.5323164463043213
