dataset,num_layers,layer_size,test_fold,stop_epoch,train_loss,val_loss,test_loss,time
cancer,4,4096,1,0.2,12,0.4809066653251648,1.2540526390075684,1.698167085647583,302.79260516166687
