dataset,num_layers,layer_size,test_fold,stop_epoch,train_loss,val_loss,test_loss,time
cancer,1,1024,2,0.2,58,0.6794112920761108,0.8662168383598328,1.6235425472259521,6.212655067443848
