dataset,num_layers,layer_size,test_fold,stop_epoch,train_loss,val_loss,test_loss,time
cancer,1,1024,1,0.2,7,0.7055670619010925,1.245545506477356,1.2980470657348633,4.245290279388428
