dataset,num_layers,layer_size,test_fold,stop_epoch,train_loss,val_loss,test_loss,time
cancer,1,16,2,0.5,300,0.8556052446365356,1.01121985912323,1.4389029741287231,2.315101146697998
