dataset,num_layers,layer_size,test_fold,test_ratio,stop_epoch,train_loss,val_loss,test_loss,time
cancer,3,4096,1,0.1,126,0.45243197679519653,1.4190260171890259,1.9321589469909668,417.352343082428
