dataset,num_layers,layer_size,test_fold,stop_epoch,train_loss,val_loss,test_loss,time
cancer,4,512,1,0.3,34,0.5387376546859741,1.240440011024475,1.368948221206665,7.796646356582642
