dataset,num_layers,layer_size,test_fold,test_ratio,stop_epoch,train_loss,val_loss,test_loss,time
cancer,3,4096,1,0.3,34,0.4791673719882965,1.2505285739898682,1.5956716537475586,233.70865035057068
