dataset,num_layers,layer_size,test_fold,stop_epoch,train_loss,val_loss,test_loss,time
cancer,3,4,1,0.5,1801,0.9952065944671631,1.5643292665481567,1.4676499366760254,4.7266693115234375
