dataset,num_layers,layer_size,test_fold,stop_epoch,train_loss,val_loss,test_loss,time
cancer,1,4,1,0.1,53,1.0279791355133057,1.6444538831710815,1.335322380065918,1.6361637115478516
