dataset,num_layers,layer_size,test_fold,stop_epoch,train_loss,val_loss,test_loss,time
cancer,1,256,2,0.3,112,0.6848278641700745,0.9649221301078796,1.6577160358428955,2.7069473266601562
