dataset,num_layers,layer_size,test_fold,stop_epoch,train_loss,val_loss,test_loss,time
cancer,1,512,1,0.4,47,0.6408826112747192,1.2136809825897217,1.2709689140319824,2.5018503665924072
