dataset,num_layers,layer_size,test_fold,stop_epoch,train_loss,val_loss,test_loss,time
cancer,1,1024,1,0.5,13,0.5711966156959534,1.1978448629379272,1.3879598379135132,4.354693412780762
